Timestamp,Algorithm,Status,Tables Dumped,Total Requests,Total Time (s),Avg Req/Table
2026-01-02 18:54:01,Q_LEARNING,COMPLETED,12/20,401,25.37,33.42
2026-01-02 18:55:06,Q_LEARNING,COMPLETED,12/20,401,23.45,33.42
2026-01-03 00:29:33,Q_LEARNING,COMPLETED,16/21,341,24.14,21.31
2026-01-03 02:41:09,Q_LEARNING,COMPLETED,13/21,404,24.30,31.08
2026-01-03 22:17:08,Q_LEARNING,COMPLETED,0/21,535,39.55,0
2026-01-03 22:57:18,Q_LEARNING,COMPLETED,2/21,881,43.97,440.5
2026-01-03 23:05:36,Q_LEARNING,COMPLETED,0/21,528,35.09,0
2026-01-04 04:06:12,Q_LEARNING,COMPLETED,0/21,128,8.55,0
2026-01-04 04:08:27,Q_LEARNING,COMPLETED,0/21,127,8.17,0
2026-01-04 04:16:23,Q_LEARNING,COMPLETED,0/20,555,39.60,0
2026-01-04 04:23:12,Q_LEARNING,COMPLETED,0/20,573,34.63,0
2026-01-04 04:27:57,Q_LEARNING,COMPLETED,15/20,191,14.24,12.73
2026-01-04 06:25:14,Q_LEARNING,COMPLETED,15/20,191,13.67,12.73
2026-01-04 06:29:59,Q_LEARNING,COMPLETED,15/20,191,15.47,12.73
